,City,Cloudiness,Country,Date,Humidity,Lat,Lng,Max Temp,Wind Speed
0,Butaritari,100,KI,1583292879,78,3.07,172.79,301.23,6.98
1,Vaini,75,TO,1583292879,74,-21.2,-175.2,302.15,4.6
2,Villarrica,0,PY,1583292957,58,-25.75,-56.43,294.81,0.27
3,Kahului,40,US,1583292695,54,20.89,-156.47,302.15,4.1
4,Port Alfred,0,ZA,1583292599,96,-33.59,26.89,290.93,4.92
5,Bilma,0,NE,1583292957,10,18.69,12.92,292.73,2.74
6,Rtishchevo,100,RU,1583292957,97,52.26,43.79,274.13,2.63
7,Port Lincoln,37,AU,1583292879,63,-34.73,135.87,292.51,4.58
8,Hobart,20,AU,1583292703,45,-42.88,147.33,295.37,5.7
9,Albany,90,US,1583292872,81,42.6,-73.97,283.15,5.7
10,New Norfolk,20,AU,1583292876,45,-42.78,147.06,295.37,5.7
11,Atuona,0,PF,1583292890,74,-9.8,-139.03,300.76,5.72
12,Hithadhoo,43,MV,1583292789,76,-0.6,73.08,301.35,4.97
13,Ushuaia,75,AR,1583292878,62,-54.8,-68.3,285.15,9.8
14,Bambous Virieux,20,MU,1583292885,94,-20.34,57.76,299.82,0.98
15,Te Anau,0,NZ,1583292902,53,-45.42,167.72,282.86,1.32
16,Novy Urengoy,100,RU,1583292958,89,66.08,76.63,267.86,7.5
17,Elko,1,US,1583292958,60,41.0,-115.5,278.15,1.53
18,Rikitea,100,PF,1583292872,80,-23.12,-134.97,299.12,7.72
19,Sompeta,0,IN,1583292959,50,18.93,84.6,299.89,2.79
20,Hong Kong,40,HK,1583292617,73,22.29,114.16,296.48,2.1
21,Saldanha,0,ZA,1583292875,81,-33.01,17.94,291.34,2.94
22,Mataura,1,NZ,1583292871,52,-46.19,168.86,287.59,4.47
23,Cabo San Lucas,3,MX,1583292609,69,22.89,-109.91,290.37,4.02
24,Pisco,100,PE,1583292893,78,-13.7,-76.22,296.15,4.1
25,Ouallam,0,NE,1583292852,11,14.32,2.09,297.83,4.88
26,Tuktoyaktuk,20,CA,1583292873,64,69.45,-133.04,230.15,2.1
27,Williston,1,US,1583292959,84,48.15,-103.62,275.15,5.7
28,Nur-Sultan,39,KZ,1583292861,84,51.18,71.45,259.15,5.0
29,Douglas,90,US,1583292960,34,41.3,-96.17,287.59,6.2
30,San Joaquin,91,VE,1583292960,74,10.26,-67.79,297.96,3.67
31,Thompson,90,CA,1583292875,85,55.74,-97.86,263.15,2.6
32,East London,0,ZA,1583292880,94,-33.02,27.91,293.15,4.1
33,Tasiilaq,100,GL,1583292895,92,65.61,-37.64,271.15,3.6
34,Ahipara,100,NZ,1583292960,91,-35.17,173.17,299.26,0.45
35,Saint-Philippe,40,RE,1583292881,94,-21.36,55.77,300.15,2.6
36,Puerto Ayora,73,EC,1583292872,100,-0.74,-90.35,299.26,0.89
37,Hasaki,75,JP,1583292897,93,35.73,140.83,285.15,3.6
38,Cockburn Town,43,TC,1583292633,80,21.46,-71.14,298.22,9.75
39,Tarko-Sale,100,RU,1583292961,91,64.92,77.78,270.37,3.13
40,Jamestown,90,US,1583292853,97,42.1,-79.24,278.15,4.6
41,Torbay,90,CA,1583292902,100,47.67,-52.73,276.48,8.2
42,Upernavik,100,GL,1583292881,55,72.79,-56.15,244.96,1.06
43,Araguaína,92,BR,1583292961,97,-7.19,-48.21,295.32,1.73
44,Carnarvon,0,AU,1583292907,62,-24.87,113.63,304.15,4.1
45,Srīsailain,64,IN,1583292721,39,16.08,78.87,299.89,1.12
46,Bluff,49,NZ,1583292872,52,-46.6,168.33,287.59,4.47
47,Punta Arenas,20,CL,1583292871,81,-53.15,-70.92,283.15,4.6
48,Pichayevo,100,RU,1583292961,98,53.24,42.2,274.37,2.07
49,Yulara,0,AU,1583292915,29,-25.24,130.99,299.15,3.6
50,Satānā,0,IN,1583292962,57,20.58,74.2,292.16,2.34
51,Deputatsky,0,RU,1583292925,69,69.3,139.9,256.75,1.42
52,Saint George,1,US,1583292754,33,37.1,-113.58,287.15,8.2
53,Tadine,64,NC,1583292962,77,-21.55,167.88,300.73,4.11
54,Jojoima,37,SL,1583292962,94,7.88,-10.79,296.54,0.26
55,Washougal,75,US,1583292962,50,45.58,-122.35,286.15,4.6
56,Arraial do Cabo,74,BR,1583292894,88,-22.97,-42.03,297.11,3.2
57,Dikson,91,RU,1583292888,99,73.51,80.55,249.47,5.07
58,Imuris,84,MX,1583292962,82,30.78,-110.87,282.59,1.68
59,Marzuq,66,YE,1583292880,42,14.4,46.47,288.65,0.51
60,Kabompo,96,ZM,1583292902,98,-13.59,24.2,289.67,1.56
61,Bethel,90,US,1583292902,100,41.37,-73.41,283.71,3.1
62,Yerbogachën,30,RU,1583292963,91,61.28,108.01,260.48,3.52
63,Bredasdorp,0,ZA,1583292845,85,-34.53,20.04,291.48,1.38
64,Sørland,36,NO,1583292919,62,67.67,12.69,274.39,8.85
65,Port Elizabeth,0,ZA,1583292877,93,-33.92,25.57,292.15,2.6
66,Aztec,1,US,1583292963,30,36.82,-107.99,280.15,1.5
67,Busselton,88,AU,1583292873,15,-33.65,115.33,304.82,2.56
68,Shar,39,KZ,1583292963,81,49.59,81.05,262.11,2.27
69,Mbaïki,8,CF,1583292963,71,3.87,17.99,295.91,1.05
70,Saskylakh,100,RU,1583292887,91,71.92,114.08,258.67,2.81
71,Nefteyugansk,75,RU,1583292964,92,61.1,72.6,272.15,8.0
72,Qaanaaq,100,GL,1583292882,96,77.48,-69.36,247.39,0.31
73,Castro,11,BR,1583292876,99,-24.79,-50.01,285.54,1.53
74,The Valley,20,AI,1583292881,73,18.22,-63.06,298.71,3.1
75,Kibala,0,TD,1583292964,17,9.11,18.35,297.26,1.2
76,Nhulunbuy,75,AU,1583292964,66,-12.23,136.77,305.15,7.7
77,Mahibadhoo,100,MV,1583292964,72,3.78,72.97,301.1,4.33
78,Balc,100,RO,1583292964,100,47.28,22.53,282.15,0.5
79,Khatanga,100,RU,1583292877,95,71.97,102.5,258.75,3.01
80,Ancud,88,CL,1583292894,93,-41.87,-73.82,283.15,1.5
81,Tommot,0,RU,1583292965,80,58.96,126.29,258.51,1.81
82,Durant,75,US,1583292898,76,33.99,-96.37,287.59,2.31
83,Marawi,73,PH,1583292878,79,8.0,124.29,300.93,3.13
84,Padang,37,ID,1583292886,65,-0.95,100.35,300.74,1.42
85,Mana,1,GF,1583292879,91,5.66,-53.78,295.47,1.37
86,Richards Bay,0,ZA,1583292901,75,-28.78,32.04,296.81,6.85
87,Klichka,98,RU,1583292965,87,50.45,118.0,259.59,2.46
88,Gejiu,0,CN,1583292965,58,23.31,103.16,290.45,2.0
89,Carutapera,100,BR,1583292965,82,-1.2,-46.02,300.26,6.44
90,Cairns,55,AU,1583292965,62,-16.92,145.77,306.48,3.6
91,Chokurdakh,0,RU,1583292889,79,70.63,147.92,255.19,3.74
92,Darnah,58,LY,1583292966,80,32.77,22.64,289.39,9.37
93,Oyama,75,JP,1583292966,87,36.3,139.8,283.15,5.1
94,Darhan,6,MN,1583292966,76,49.49,105.92,258.61,4.51
95,Lüderitz,0,NA,1583292900,93,-26.65,15.16,292.15,2.6
96,Acapulco de Juárez,5,MX,1583292928,83,16.86,-99.89,300.15,3.6
97,Sajanan,40,TN,1583292966,87,37.06,9.24,288.15,14.4
98,Corumbá,0,BR,1583292695,78,-19.01,-57.65,296.27,1.07
99,Vozrozhdeniye,42,RU,1583292966,71,44.55,38.21,283.42,5.39
100,George Town,20,MY,1583292876,70,5.41,100.34,305.15,1.0
101,Mehamn,9,NO,1583292966,82,71.04,27.85,266.23,6.29
102,Nikolskoye,90,RU,1583292878,97,59.7,30.79,275.15,4.0
103,Ribeira Grande,99,PT,1583292882,89,38.52,-28.7,287.79,9.12
104,Nanortalik,0,GL,1583292882,67,60.14,-45.24,263.9,6.34
105,Hermanus,0,ZA,1583292874,85,-34.42,19.23,294.26,5.94
106,Altamira,100,BR,1583292967,98,-3.2,-52.21,295.87,0.91
107,Itarema,100,BR,1583292895,92,-2.92,-39.92,297.92,1.18
108,Paamiut,0,GL,1583292700,48,61.99,-49.67,255.97,2.03
109,Yellowknife,90,CA,1583292844,77,62.46,-114.35,256.15,3.6
110,Dunedin,0,NZ,1583292602,53,-45.87,170.5,287.04,5.81
111,Avarua,7,CK,1583292876,83,-21.21,-159.78,302.15,1.5
112,Norman Wells,75,CA,1583292887,68,65.28,-126.83,246.15,1.5
113,Basqal,50,AZ,1583292967,49,40.76,48.39,274.15,1.5
114,Chubbuck,1,US,1583292967,69,42.92,-112.47,277.59,4.6
115,Cururupu,100,BR,1583292968,98,-1.83,-44.87,296.51,0.67
116,Aktash,100,RU,1583292968,89,50.3,87.73,264.91,4.97
117,Lebu,0,CL,1583292898,85,-37.62,-73.65,286.78,4.29
118,Salalah,0,OM,1583292879,78,17.02,54.09,295.15,1.5
119,Hilo,90,US,1583292819,88,19.73,-155.09,296.15,1.5
120,Samarai,48,PG,1583292898,60,-10.62,150.67,305.22,3.22
121,Fort Collins,1,US,1583292968,33,40.59,-105.08,279.26,4.1
122,San Patricio,0,MX,1583292911,82,19.22,-104.7,296.54,7.96
123,Caravelas,100,BR,1583292917,81,-17.71,-39.25,300.73,4.77
124,Tigzirt,100,DZ,1583292968,73,36.89,4.12,288.89,10.54
125,Barrow,1,US,1583292873,74,71.29,-156.79,242.15,3.1
126,Camacha,20,PT,1583292748,77,33.08,-16.33,290.15,2.6
127,Alyangula,92,AU,1583292969,63,-13.85,136.42,306.15,6.2
128,Provideniya,69,RU,1583292888,72,64.38,-173.3,261.15,3.0
129,Okha,100,RU,1583292969,86,53.57,142.95,263.01,2.01
130,Selkirk,75,CA,1583292969,73,50.14,-96.88,266.15,2.1
131,Shingū,75,JP,1583292924,87,33.73,135.98,285.15,1.5
132,Pingliang,0,CN,1583292969,32,35.54,106.69,279.51,2.3
133,Port Keats,95,AU,1583292969,63,-14.25,129.55,302.21,3.78
134,Pangnirtung,100,CA,1583292889,73,66.15,-65.71,254.74,1.14
135,Faanui,79,PF,1583292886,77,-16.48,-151.75,301.51,4.27
136,Chui,0,UY,1583292882,89,-33.7,-53.46,292.93,4.15
137,Rūdbār,0,AF,1583292970,56,30.15,62.6,287.5,4.06
138,Iqaluit,90,CA,1583292878,84,63.75,-68.51,258.15,2.6
139,Surgut,75,RU,1583292970,92,61.25,73.42,272.15,8.0
140,Tura,18,IN,1583292970,35,25.52,90.22,299.38,2.9
141,Port Hardy,75,CA,1583292874,86,50.7,-127.42,277.15,6.7
142,Leningradskiy,100,RU,1583292876,89,69.38,178.42,260.12,9.51
143,Otradnoye,90,RU,1583292970,96,59.78,30.82,275.15,4.0
144,Kapaa,40,US,1583292873,78,22.08,-159.32,299.15,4.1
145,Cape Town,0,ZA,1583292750,88,-33.93,18.42,291.15,7.7
146,Bako,74,ET,1583292970,62,5.78,36.57,294.02,1.61
147,Hambantota,40,LK,1583292633,94,6.12,81.12,299.15,1.0
148,Podor,0,MR,1583292971,31,16.65,-14.96,296.15,1.0
149,Yar-Sale,77,RU,1583292971,95,66.83,70.83,261.84,5.22
150,Hofn,57,IS,1583292892,61,64.25,-15.21,276.6,10.32
151,Southbridge,90,US,1583292971,93,42.08,-72.03,283.15,6.2
152,Dejen,63,ET,1583292971,41,10.17,38.13,293.43,0.63
153,Grand Gaube,20,MU,1583292889,94,-20.01,57.66,299.82,2.56
154,Cayenne,75,GF,1583292680,74,4.93,-52.33,300.15,4.1
155,Jos,97,NG,1583292971,18,9.92,8.9,294.04,1.4
156,Tiksi,100,RU,1583292880,79,71.69,128.87,257.49,14.46
157,Anadyr,0,RU,1583292972,71,64.75,177.48,260.15,9.0
158,Mar del Plata,0,AR,1583292612,94,-38.0,-57.56,294.82,1.5
159,Cidreira,100,BR,1583292611,77,-30.18,-50.21,295.9,7.38
160,Mount Gambier,56,AU,1583292972,43,-37.83,140.77,296.15,2.6
161,Regina,75,CA,1583292972,94,50.45,-104.62,273.71,3.6
162,Kang,0,BW,1583292972,78,-23.68,22.79,290.24,1.91
163,Sicamous,90,CA,1583292972,69,50.83,-118.99,278.71,2.1
164,São José da Coroa Grande,54,BR,1583292972,72,-8.9,-35.15,301.53,4.39
165,Cherskiy,0,RU,1583292892,77,68.75,161.3,259.11,6.46
166,Olafsvik,40,IS,1583292882,58,64.89,-23.71,272.8,4.6
167,Beihai,100,CN,1583292793,87,21.48,109.1,294.14,2.99
168,Chaman,66,PK,1583292973,53,30.92,66.45,284.13,2.44
169,Golden,1,US,1583292861,47,39.76,-105.22,281.15,1.5
170,Mafinga,98,TZ,1583292973,96,-7.25,35.07,292.3,0.38
171,Rome,90,US,1583292726,86,43.21,-75.46,278.71,6.7
172,Manado,40,ID,1583292861,66,1.49,124.85,305.15,3.1
173,Buraidah,0,SA,1583292892,50,26.33,43.98,284.15,1.0
174,Comodoro Rivadavia,100,AR,1583292973,87,-45.87,-67.5,288.15,5.65
175,Luquillo,20,PR,1583292973,88,18.37,-65.72,297.59,3.6
176,Mackay,70,AU,1583292974,79,-21.15,149.2,303.15,5.7
177,Tilichiki,0,RU,1583292974,77,60.47,166.1,258.34,0.94
178,Burns Lake,64,CA,1583292974,84,54.23,-125.75,269.53,3.74
179,Abu Samrah,0,SY,1583292974,71,35.3,37.18,282.92,3.59
180,Malbork,75,PL,1583292929,93,54.04,19.03,277.59,7.2
181,Viedma,0,AR,1583292974,38,-40.81,-63.0,299.58,6.59
182,Ukiah,1,US,1583292922,45,39.15,-123.21,291.15,0.61
183,Praxédis Guerrero,90,MX,1583292974,81,31.37,-106.02,281.15,3.1
184,Ferme-Neuve,100,CA,1583292974,98,46.7,-75.45,273.03,2.43
185,Banganapalle,48,IN,1583292975,46,15.32,78.23,299.99,1.92
186,Zhezkazgan,26,KZ,1583292893,84,47.8,67.71,259.15,3.0
187,Mayumba,100,GA,1583292975,83,-3.43,10.66,301.01,3.72
188,Dhenkānāl,75,IN,1583292975,83,20.67,85.6,298.15,3.7
189,Oussouye,0,SN,1583292975,78,12.48,-16.55,296.15,2.1
190,Flinders,90,AU,1583292902,100,-34.58,150.86,297.59,2.6
191,Chumikan,99,RU,1583292916,84,54.72,135.31,263.07,1.64
192,Sur,0,OM,1583292975,66,22.57,59.53,293.86,2.76
193,Sheridan,1,US,1583292856,63,44.83,-106.92,275.93,2.6
194,Taunsa,91,PK,1583292975,73,30.7,70.65,289.19,4.48
195,Rafai,0,CF,1583292904,65,4.95,23.92,293.57,0.9
196,La Sarre,100,CA,1583292755,95,48.8,-79.2,267.3,0.74
197,Greenlaw,87,GB,1583292976,87,55.71,-2.46,275.37,1.0
198,Kavieng,100,PG,1583292899,84,-2.57,150.8,301.01,9.88
199,Tailai,0,CN,1583292976,76,46.38,123.4,266.65,5.48
200,Talnakh,75,RU,1583292751,85,69.49,88.4,261.15,4.0
201,Youhao,100,CN,1583292976,78,47.87,128.83,268.39,1.95
202,Haines Junction,89,CA,1583292976,99,60.75,-137.51,254.61,1.52
203,Taksimo,100,RU,1583292976,86,56.34,114.88,257.58,0.91
204,Maroantsetra,50,MG,1583292976,94,-15.43,49.73,293.75,1.56
205,Coyhaique,100,CL,1583292851,72,-45.58,-72.07,288.15,3.1
206,Tongliao,42,CN,1583292976,78,43.61,122.27,267.45,5.82
207,Longyearbyen,90,SJ,1583292884,77,78.22,15.64,258.15,3.1
208,Lagoa,97,PT,1583292883,84,39.05,-27.98,289.42,10.23
209,Lahaina,20,US,1583292679,54,20.88,-156.68,302.15,2.1
210,Esperance,100,AU,1583292887,46,-33.87,121.9,296.15,3.6
211,Claremore,1,US,1583292977,28,36.31,-95.62,286.15,0.29
212,Camaná,100,PE,1583292977,87,-16.62,-72.71,292.5,2.04
213,Soverato Marina,40,IT,1583292977,76,38.69,16.55,284.15,3.6
214,Suozhen,18,CN,1583292977,29,36.95,118.1,279.82,4.49
215,Northam,99,GB,1583292914,93,51.03,-4.22,278.71,1.34
216,Mizque,99,BO,1583292978,80,-17.94,-65.34,286.1,0.73
217,Narsaq,0,GL,1583292898,41,60.92,-46.05,257.15,2.1
218,Airai,75,TL,1583292876,69,-8.93,125.41,299.67,2.37
219,Avera,90,US,1583292917,100,33.19,-82.53,292.15,2.6
220,Henties Bay,58,NA,1583292978,87,-22.12,14.28,293.71,0.87
221,Karratha,16,AU,1583292872,67,-20.74,116.85,303.93,3.7
222,Lima,100,PE,1583292757,73,-12.04,-77.03,297.15,6.2
223,Boa Vista,88,BR,1583292978,58,2.82,-60.67,301.15,4.1
224,San Jerónimo,100,PE,1583292978,88,-11.95,-75.28,280.2,2.06
225,Fort Nelson,75,CA,1583292978,53,58.81,-122.7,270.15,2.1
226,Kempele,0,FI,1583292978,85,64.91,25.5,264.15,3.1
227,Dalbandin,0,PK,1583292979,40,28.89,64.41,288.73,0.9
228,Kargasok,82,RU,1583292979,94,59.06,80.86,268.2,5.26
229,Kudahuvadhoo,31,MV,1583292908,72,2.67,72.89,301.07,5.37
230,Bengkulu,100,ID,1583292876,73,-3.8,102.27,300.71,0.96
231,Isangel,75,VU,1583292873,74,-19.55,169.27,303.15,1.5
232,Soyo,100,AO,1583292914,87,-6.13,12.37,299.63,2.08
233,Fort-Shevchenko,91,KZ,1583292979,86,44.51,50.26,278.6,4.24
234,Katsuura,75,JP,1583292885,93,35.13,140.3,284.26,4.6
235,Necochea,0,AR,1583292929,95,-38.55,-58.74,293.15,0.45
236,Camacupa,100,AO,1583292979,86,-12.02,17.48,289.12,1.2
237,Marsabit,94,KE,1583292979,78,2.33,37.99,296.29,10.94
238,Otane,100,NZ,1583292979,80,-39.88,176.63,287.59,4.28
239,Presidente Olegário,0,BR,1583292693,100,-18.42,-46.42,292.04,0.36
240,Lipari,75,IT,1583292980,71,38.47,14.95,285.93,1.5
241,Garoowe,98,SO,1583292980,79,8.41,48.48,293.76,3.93
242,Władysławowo,75,PL,1583292980,93,54.79,18.4,277.59,7.2
243,Vila Franca do Campo,40,PT,1583292980,93,37.72,-25.43,291.15,7.7
244,Alofi,5,NU,1583292873,88,-19.06,-169.92,300.15,1.0
245,Ostrovnoy,99,RU,1583292919,94,68.05,39.51,264.63,6.26
246,Mozarlândia,44,BR,1583292980,94,-14.74,-50.57,295.98,0.92
247,Teahupoo,40,PF,1583292980,70,-17.83,-149.27,303.15,2.6
248,Cerveteri,2,IT,1583292980,87,41.99,12.09,280.93,1.5
249,Clyde River,1,CA,1583292856,82,70.47,-68.59,246.15,2.1
250,Guerrero Negro,0,MX,1583292907,75,27.98,-114.06,289.06,4.7
251,Itapirapuã,0,BR,1583292981,97,-15.82,-50.61,294.24,0.94
252,Tabas,11,IR,1583292981,62,33.6,56.92,281.15,3.1
253,Mitsamiouli,57,KM,1583292981,70,-11.38,43.28,301.29,1.95
254,Pokhara,0,NP,1583292542,46,28.23,83.98,292.55,0.85
255,Hobyo,89,SO,1583292896,83,5.35,48.53,295.71,3.66
256,Inhambane,1,MZ,1583292890,76,-23.86,35.38,297.32,7.16
257,Ternate,59,ID,1583292924,74,0.8,127.4,302.33,2.39
258,Byron Bay,100,AU,1583292656,74,-28.65,153.62,300.93,7.2
259,Añisoc,100,GQ,1583292982,98,1.87,10.77,294.38,0.84
260,Grindavik,75,IS,1583292926,92,63.84,-22.43,271.15,2.1
261,Suntar,100,RU,1583292982,88,62.14,117.63,260.71,3.19
262,Saint-Louis,0,SN,1583292806,31,16.33,-15.0,296.15,1.0
263,Berdigestyakh,0,RU,1583292982,90,62.1,126.7,257.4,3.45
264,Greer,1,US,1583292982,93,34.94,-82.23,289.82,1.5
265,Porbandar,0,IN,1583292982,83,21.64,69.61,295.15,2.1
266,Shima,90,CN,1583292982,93,24.45,117.81,289.15,5.0
267,Baruun-Urt,0,MN,1583292982,82,46.68,113.28,261.3,7.37
268,Kruisfontein,0,ZA,1583292875,63,-34.0,24.73,294.01,2.43
269,Belmonte,40,BR,1583292982,74,-15.86,-38.88,300.15,1.0
270,Todos Santos,32,MX,1583292983,65,23.45,-110.22,290.37,2.24
271,Faya,0,SA,1583292919,71,18.39,42.45,287.15,6.2
272,Lata,75,PT,1583292881,100,40.16,-8.33,288.15,2.1
273,Mata,65,PT,1583292983,96,40.68,-7.46,285.93,2.24
274,Constitución,2,CL,1583292922,93,-35.33,-72.42,285.6,2.97
275,Sulangan,27,PH,1583292983,71,11.14,123.72,299.82,4.1
276,Yeppoon,75,AU,1583292983,66,-23.13,150.73,302.15,5.7
277,Aswān,0,EG,1583292923,17,24.09,32.91,289.15,3.6
278,Acará,100,BR,1583292983,99,-1.96,-48.2,295.61,0.63
279,Koumac,75,NC,1583292983,70,-20.57,164.28,300.56,0.69
280,Andra,23,RU,1583292984,87,62.51,65.89,265.26,5.39
281,Luganville,40,VU,1583292984,79,-15.53,167.17,302.15,4.1
282,Lázaro Cárdenas,0,MX,1583292984,80,17.96,-102.2,295.65,0.96
283,Kaitangata,5,NZ,1583292884,63,-46.28,169.85,284.62,8.98
284,Portmore,20,JM,1583292705,74,17.97,-76.87,300.15,6.2
285,Kirkwall,2,GB,1583292984,62,58.98,-2.96,275.15,1.5
286,Verkhoyansk,0,RU,1583292984,72,67.54,133.38,259.01,4.93
287,Morondava,0,MG,1583292984,86,-20.28,44.28,296.22,1.11
288,Roald,100,NO,1583292984,56,62.58,6.13,278.15,5.1
289,Miass,77,RU,1583292985,74,55.05,60.11,267.18,1.81
290,Kashan,0,IR,1583292985,62,33.98,51.44,278.77,0.92
291,Goderich,100,CA,1583292909,93,43.75,-81.72,275.37,0.89
292,Mount Isa,75,AU,1583292829,100,-20.73,139.5,299.15,5.7
293,Grand-Lahou,100,CI,1583292985,82,5.14,-5.02,301.7,4.8
294,Leshukonskoye,20,RU,1583292985,95,64.9,45.76,261.26,2.51
295,Saryg-Sep,100,RU,1583292985,87,51.5,95.6,265.6,1.03
296,La Roche-sur-Yon,100,FR,1583292985,93,46.67,-1.43,280.15,1.5
297,Honnāli,14,IN,1583292985,49,14.25,75.67,297.76,0.82
298,Ugoofaaru,97,MV,1583292985,71,5.67,73.0,301.02,4.6
299,Nāwa,12,IN,1583292986,38,27.02,75.0,293.73,4.73
300,Khovd,88,MN,1583292986,19,48.01,91.64,270.93,0.74
301,Atambua,99,ID,1583292986,75,-9.11,124.89,301.15,2.18
302,Madaoua,0,NE,1583292986,14,14.07,5.96,296.58,4.19
303,San Martín,0,AR,1583292986,37,-33.08,-68.47,301.15,2.6
304,Touros,42,BR,1583292678,94,-5.2,-35.46,299.15,4.59
305,Kuril'sk,100,RU,1583292986,82,45.23,147.88,272.03,2.54
306,Riobamba,45,EC,1583292986,97,-1.67,-78.63,282.23,0.58
307,San Carlos del Zulia,8,VE,1583292986,79,9.0,-71.91,298.78,2.59
308,Gmina Lwówek Śląski,11,PL,1583292986,91,51.11,15.59,274.26,3.15
309,Eydhafushi,91,MV,1583292986,72,5.1,73.07,301.25,4.94
310,Ende,100,ID,1583292987,75,-8.84,121.66,302.23,4.72
311,Arrondissement de Bastia,28,FR,1583292987,61,42.67,9.33,281.48,4.1
312,Isabela,40,PH,1583292918,62,6.71,121.97,305.15,4.1
313,San Cristobal,40,VE,1583292921,62,7.77,-72.22,302.15,2.1
314,Manta,40,EC,1583292987,83,-0.95,-80.73,299.15,1.0
315,Meadow Lake,1,US,1583292987,31,34.8,-106.54,283.71,5.1
316,Nuuk,0,GL,1583292922,71,64.18,-51.72,258.15,6.7
317,Aripuanã,100,BR,1583292886,99,-9.17,-60.63,295.6,1.16
318,West Plains,1,US,1583292987,56,36.73,-91.85,282.59,1.73
319,Warri,33,NG,1583292987,90,5.52,5.75,299.07,1.63
320,Leh,0,IN,1583292988,58,34.17,77.58,255.98,1.38
321,San Rafael,0,AR,1583292892,34,-34.62,-68.33,299.28,5.19
322,Hohhot,0,CN,1583292988,27,40.81,111.65,270.15,3.0
323,Inírida,18,CO,1583292915,85,3.87,-67.92,298.38,1.2
324,Forsytheganj,90,BY,1583292873,87,52.63,29.73,278.39,3.79
325,Aksu,76,CN,1583292873,36,41.12,80.26,281.21,2.1
326,São Félix do Xingu,100,BR,1583292988,96,-6.64,-51.99,295.49,0.38
327,Novyy Urgal,100,RU,1583292988,84,51.07,132.56,265.86,0.16
328,Bushehr,0,IR,1583292988,59,28.97,50.84,291.15,5.1
329,Severo-Kuril'sk,99,RU,1583292894,81,50.68,156.12,270.43,5.39
330,Fuling,100,CN,1583292988,85,29.7,107.39,281.34,0.68
331,Diamantino,0,BR,1583292988,81,-14.41,-56.45,295.26,0.52
332,Sabang,0,ID,1583292989,72,5.89,95.32,300.88,3.61
333,Paita,15,PE,1583292989,71,-5.09,-81.11,299.19,5.16
334,Pevek,0,RU,1583292891,78,69.7,170.31,255.82,2.64
335,Begoro,100,GH,1583292989,89,6.39,-0.38,297.44,1.54
336,Abnūb,0,EG,1583292857,71,27.27,31.15,284.15,1.06
337,Poplar Bluff,1,US,1583292989,71,36.76,-90.39,285.15,1.14
338,Eten,40,PE,1583292989,29,-6.91,-79.86,292.15,4.1
339,Geraldton,0,AU,1583292877,18,-28.77,114.6,310.15,4.1
340,Petatlán,5,MX,1583292989,69,17.52,-101.27,299.15,3.1
341,Buala,100,SB,1583292989,75,-8.14,159.59,302.83,0.8
342,Uvarovka,99,RU,1583292990,96,55.53,35.61,274.38,0.86
343,Peleduy,100,RU,1583292990,92,59.63,112.74,263.38,5.53
344,Quatre Cocos,20,MU,1583292923,94,-20.21,57.76,299.82,1.47
345,Noyabrsk,100,RU,1583292990,85,63.2,75.45,267.71,7.78
346,Los Llanos de Aridane,0,ES,1583292890,82,28.66,-17.92,290.15,4.1
347,Kota Kinabalu,20,MY,1583292990,79,5.97,116.07,303.15,2.1
348,Ambatofinandrahana,88,MG,1583292990,96,-20.55,46.8,289.49,1.59
349,São Filipe,0,CV,1583292901,69,14.9,-24.5,295.89,7.27
350,Berlevåg,17,NO,1583292898,73,70.86,29.09,271.69,8.6
351,Lubango,0,AO,1583292876,39,-14.92,13.49,286.83,0.86
352,Tessalit,0,ML,1583292899,8,20.2,1.01,293.88,4.22
353,Lloydminster,20,CA,1583292990,63,53.28,-110.0,272.15,5.1
354,San Quintín,0,MX,1583292884,70,30.48,-115.95,288.24,0.98
355,Āsosa,81,ET,1583292991,16,10.07,34.53,296.01,3.73
356,Dingle,71,PH,1583292891,71,11.0,122.67,299.87,5.7
357,Two Hills,63,CA,1583292991,80,53.72,-111.75,269.0,3.19
358,Beni Mazar,0,EG,1583292991,28,28.5,30.8,285.63,2.41
359,Amurzet,100,RU,1583292991,89,47.7,131.1,267.69,2.79
360,Manaure,47,CO,1583292788,82,11.78,-72.44,298.36,8.46
361,Komarikhinskiy,75,RU,1583292991,97,58.1,57.12,273.15,4.0
362,Ulladulla,90,AU,1583292991,100,-35.35,150.47,294.15,2.6
363,Bainbridge Island,90,US,1583292823,93,47.63,-122.52,282.15,7.7
364,Tateyama,75,JP,1583292992,93,34.98,139.87,285.15,4.6
365,Taunggyi,0,MM,1583292907,34,20.78,97.03,297.63,3.19
366,Labytnangi,41,RU,1583292992,80,66.66,66.42,263.53,9.15
367,Kirkwood,1,US,1583292992,80,38.58,-90.41,282.59,1.34
368,Kaeo,100,NZ,1583292896,91,-35.1,173.78,299.26,0.45
369,Labuhan,11,ID,1583292913,72,-6.88,112.21,303.22,2.9
370,Bilibino,0,RU,1583292874,70,68.05,166.44,256.58,0.34
371,Lethem,0,GY,1583292992,52,3.38,-59.8,300.4,5.5
372,Aklavik,20,CA,1583292878,67,68.22,-135.01,240.15,1.0
373,Çan,20,TR,1583292992,100,40.03,27.05,288.15,2.1
374,Khani,0,GE,1583292993,51,41.96,42.96,279.15,2.6
375,Alta Floresta,96,BR,1583292923,96,-9.88,-56.09,295.08,1.18
376,Wajid,74,SO,1583292993,69,3.81,43.25,294.4,7.69
377,Menongue,0,AO,1583292993,94,-14.66,17.69,287.7,0.62
378,Vilyuysk,100,RU,1583292993,92,63.76,121.62,256.42,5.0
379,Megion,90,RU,1583292993,96,61.03,76.11,273.15,7.0
380,Kloulklubed,75,PW,1583292886,79,7.04,134.26,302.15,6.7
381,Marsá Maţrūḩ,11,EG,1583292701,93,31.35,27.25,283.15,7.04
382,Taoudenni,0,ML,1583292993,11,22.68,-3.98,294.38,3.02
383,Puerto Nariño,75,CO,1583292994,100,-3.77,-70.38,299.15,1.0
384,Cotonou,20,BJ,1583292994,83,6.37,2.42,302.15,4.6
385,Ratnagiri,10,IN,1583292994,57,16.98,73.3,296.37,1.33
386,Totness,70,SR,1583292994,79,5.88,-56.32,299.23,7.59
387,Tokur,100,RU,1583292994,85,53.13,132.9,265.77,0.75
388,Dąbrowa Tarnowska,100,PL,1583292994,82,50.17,20.99,278.15,1.34
389,Lompoc,1,US,1583292905,87,34.64,-120.46,287.59,4.28
390,Guarujá,98,BR,1583292994,93,-23.99,-46.26,294.26,2.6
391,Honiara,40,SB,1583292995,62,-9.43,159.95,305.15,2.1
392,Saint Paul Harbor,40,US,1583292879,52,57.79,-152.41,265.15,6.7
393,Jiangyou,89,CN,1583292995,53,31.77,104.72,282.08,1.92
394,Outlook,0,CA,1583292995,80,51.5,-107.05,272.04,2.24
395,Amapá,97,BR,1583292995,97,1.0,-52.0,294.94,1.45
396,Omboué,100,GA,1583292902,97,-1.57,9.26,298.04,0.94
397,Pangai,20,TO,1583292891,70,-19.8,-174.35,302.15,6.2
398,Batagay,0,RU,1583292995,68,67.63,134.63,260.31,3.4
399,Ilulissat,0,GL,1583292889,42,69.22,-51.1,247.15,1.5
400,Sitka,90,US,1583292784,86,57.05,-135.33,274.15,8.2
401,Tsivil'sk,94,RU,1583292995,92,55.86,47.47,271.15,2.0
402,Ejido,90,VE,1583292996,94,8.55,-71.24,283.74,0.54
403,Saint-Joseph,40,RE,1583292891,94,-21.37,55.62,300.15,2.6
404,Ipilan,100,PH,1583292996,64,8.84,117.9,301.91,4.22
405,Tautira,40,PF,1583292893,70,-17.73,-149.15,303.15,2.6
406,Hay River,75,CA,1583292996,83,60.82,-115.8,253.15,2.48
407,Jiuquan,0,CN,1583292996,11,39.74,98.52,276.87,0.5
408,Sola,75,VU,1583292996,70,-13.88,167.55,305.15,3.1
409,Bílovec,100,CZ,1583292996,93,49.76,18.02,277.04,0.5
410,Mahébourg,20,MU,1583292877,94,-20.41,57.7,299.82,1.34
411,Lorengau,93,PG,1583292908,70,-2.02,147.27,303.06,6.03
412,Evensk,100,RU,1583292886,94,61.95,159.23,256.59,0.87
413,Waitati,0,NZ,1583292996,54,-45.75,170.57,286.48,5.81
414,Praia da Vitória,75,PT,1583292997,88,38.73,-27.07,291.15,11.03
415,Rio Verde de Mato Grosso,0,BR,1583292997,92,-18.92,-54.84,293.63,2.54
416,Klaksvík,0,FO,1583292899,69,62.23,-6.59,276.15,3.1
417,Wau,74,SS,1583292997,22,7.7,28.0,294.07,1.08
418,Bridlington,95,GB,1583292997,93,54.08,-0.19,276.48,1.0
419,Yarmouth,90,US,1583292997,93,41.71,-70.23,283.71,4.6
420,Nieuw Amsterdam,20,SR,1583292997,88,5.88,-55.08,297.15,1.0
421,Sarāhan,0,IN,1583292997,45,31.52,77.8,265.31,6.44
422,Bonavista,100,CA,1583292997,98,48.65,-53.11,274.09,5.42
423,Isparta Province,0,TR,1583292997,86,38.0,31.0,277.15,1.0
424,Santa Maria,0,BR,1583292807,77,-29.68,-53.81,293.15,3.6
425,Vardø,5,NO,1583292882,74,70.37,31.11,269.19,6.04
426,Olds,75,CA,1583292998,54,51.78,-114.1,275.37,4.1
427,Aktas,0,KZ,1583292998,78,49.78,72.96,261.15,2.0
428,Bereda,75,ES,1583292998,87,43.27,-7.54,288.15,3.1
429,Lac du Bonnet,98,CA,1583292998,84,50.25,-96.06,264.26,2.9
430,Marsh Harbour,94,BS,1583292903,84,26.54,-77.06,296.15,6.05
431,Hīt,0,IQ,1583292998,60,33.64,42.83,286.03,3.4
432,Walvis Bay,32,NA,1583292898,87,-22.96,14.51,293.71,1.55
433,Nemuro,75,JP,1583292924,78,43.32,145.57,273.15,5.1
434,Asău,72,RO,1583292998,81,46.43,26.4,281.15,4.1
435,Harsīn,0,IR,1583292998,81,34.27,47.59,273.15,2.3
436,Pocatello,1,US,1583292999,69,42.87,-112.45,277.59,4.6
437,Mossamedes,0,AO,1583292881,78,-15.2,12.15,296.39,6.84
438,Ma’anshan,77,CN,1583292999,62,31.7,118.5,285.15,4.0
439,Duvan,91,RU,1583292999,85,55.7,57.9,264.7,4.06
440,Namatanai,100,PG,1583292905,68,-3.67,152.43,303.28,3.04
441,Gospić,75,HR,1583292999,93,44.55,15.37,280.15,2.1
442,Mattru,54,SL,1583292999,92,7.62,-11.83,298.35,0.77
443,Mongoumba,60,CF,1583292999,77,3.64,18.59,295.77,1.23
444,Wanning,9,CN,1583292999,75,18.8,110.4,298.24,4.52
445,Port Blair,75,IN,1583292879,74,11.67,92.75,299.62,3.46
446,Palmas Bellas,20,PA,1583292999,83,9.23,-80.09,299.26,2.1
447,Yangi Marg`ilon,4,UZ,1583292918,87,40.43,71.72,282.15,1.0
448,Chake Chake,90,TZ,1583293000,78,-5.25,39.77,301.69,4.0
449,Broome,40,US,1583293000,86,42.25,-75.83,278.71,6.2
450,Tual,100,ID,1583293000,72,-5.67,132.75,302.46,3.1
451,Imeni Stepana Razina,100,RU,1583293000,98,54.89,44.3,271.77,1.99
452,Hualmay,100,PE,1583292926,77,-11.1,-77.61,295.23,2.14
453,Vágur,21,FO,1583293000,61,61.47,-6.81,278.38,8.56
454,Linhares,100,BR,1583293000,95,-19.39,-40.07,296.87,0.9
455,Nabire,95,ID,1583293000,79,-3.37,135.48,300.6,1.36
456,Batagay-Alyta,92,RU,1583293000,83,67.8,130.41,254.96,2.86
457,Bandar-e Lengeh,0,IR,1583293000,63,26.56,54.88,289.15,4.1
458,Ponta do Sol,75,PT,1583292888,82,32.67,-17.1,289.15,2.1
459,College,75,US,1583292805,76,64.86,-147.8,252.59,1.14
460,Port Augusta,100,AU,1583293001,50,-32.5,137.77,298.15,5.1
461,Singaraja,88,ID,1583293001,71,-8.11,115.09,301.92,2.82
462,Vao,100,NC,1583292873,79,-22.67,167.48,300.02,5.32
463,Camalú,0,MX,1583293001,65,30.85,-116.07,287.11,0.92
464,‘Ewa Beach,40,US,1583292897,61,21.32,-158.01,300.15,3.1
465,Kuytun,93,RU,1583293001,95,54.34,101.5,267.31,1.79
466,Laas,75,IT,1583293001,92,46.62,10.7,274.26,0.5
467,Skibbereen,75,IE,1583292899,93,51.55,-9.27,276.15,4.1
468,Abu Dhabi,40,AE,1583292832,63,24.47,54.37,294.26,2.6
469,Naze,75,JP,1583293002,82,28.37,129.48,293.15,4.1
470,Saint-Leu,40,RE,1583293002,94,-21.15,55.28,300.15,2.6
471,Galle,57,LK,1583292909,79,6.04,80.22,299.77,1.36
472,Jumla,0,NP,1583293002,34,29.27,82.18,278.32,1.01
473,Nouadhibou,0,MR,1583292902,72,20.93,-17.03,293.15,7.7
474,Shache,1,CN,1583293002,33,38.42,77.24,282.45,0.73
475,Hangu,0,CN,1583293003,19,39.25,117.79,277.15,7.0
476,Pascagoula,90,US,1583293003,88,30.37,-88.56,294.26,1.59
477,Fazilpur,2,PK,1583293003,82,32.18,75.07,289.15,0.52
478,Şabyā,0,SA,1583293003,74,17.15,42.63,299.15,1.82
479,Seoul,75,KR,1583292808,48,37.57,126.98,278.15,4.6
480,Kampot,40,KH,1583293003,62,10.62,104.18,303.15,5.1
481,Fortuna,90,US,1583292713,93,40.6,-124.16,283.71,4.1
482,Vung Tau,0,VN,1583293003,58,10.35,107.08,303.23,6.06
483,Oleksandrivka,0,UA,1583293003,87,46.84,32.76,281.15,5.0
484,Muisne,100,EC,1583292882,91,0.6,-80.03,297.36,2.47
485,Safranbolu,67,TR,1583292991,62,41.25,32.69,278.82,2.48
486,Victor Harbor,96,AU,1583292886,64,-35.57,138.62,296.48,5.1
487,Port Macquarie,90,AU,1583292690,69,-31.43,152.92,300.93,7.2
488,Zachary,75,US,1583293004,78,30.65,-91.16,297.15,1.5
489,Hargeisa,81,SO,1583293004,59,9.56,44.06,289.27,2.09
490,Virginia Beach,40,US,1583292914,77,36.85,-75.98,289.82,8.2
491,Baykit,100,RU,1583293004,94,61.67,96.37,259.34,1.09
492,Micheweni,100,TZ,1583293004,77,-4.97,39.83,301.32,2.2
493,Batemans Bay,100,AU,1583292891,97,-35.72,150.18,292.04,0.45
494,São Marcos,42,BR,1583293004,71,-28.97,-51.07,291.48,1.98
495,Vanimo,100,PG,1583292926,69,-2.67,141.3,302.7,2.84
496,Kamyshlov,100,RU,1583293005,91,56.84,62.71,272.67,3.95
497,Bubaque,0,GW,1583293005,70,11.28,-15.83,299.82,3.49
498,Mashhad,90,IR,1583293005,71,36.3,59.61,277.15,4.1
499,Innisfail,64,AU,1583293005,49,-17.53,146.03,304.26,3.44
500,Erzin,0,TR,1583293005,100,36.96,36.2,283.15,0.5
501,Nome,90,US,1583293005,72,64.5,-165.41,261.15,9.3
502,Artvin Province,0,TR,1583293005,53,41.17,41.83,284.15,10.8
503,Lerwick,49,GB,1583292879,75,60.15,-1.15,279.15,7.7
504,Searcy,1,US,1583292916,81,35.25,-91.74,288.15,1.97
505,Coahuayana Viejo,5,MX,1583292890,68,18.73,-103.68,295.15,2.42
506,Vysotsk,90,RU,1583293006,92,60.63,28.57,272.59,5.7
507,Siljan,90,NO,1583293006,97,59.29,9.71,274.15,3.1
508,Bathsheba,75,BB,1583292920,74,13.22,-59.52,299.15,9.3
509,San Juan,0,AR,1583293006,34,-31.54,-68.54,300.89,3.85
510,Valkeakoski,90,FI,1583293006,100,61.26,24.03,274.26,6.2
511,Petropavlovsk-Kamchatskiy,20,RU,1583292913,50,53.05,158.65,272.15,1.54
512,Marrakesh,0,MA,1583293006,51,31.63,-8.01,288.15,3.1
513,Abatskiy,100,RU,1583293006,93,56.29,70.46,272.93,6.88
514,Kieta,100,PG,1583293006,72,-6.22,155.63,302.43,1.62
515,Laguna,1,US,1583292876,51,38.42,-121.42,292.59,3.1
516,Martapura,90,ID,1583293007,66,-3.42,114.85,303.5,1.79
517,Dutse,18,NG,1583293007,16,11.76,9.34,296.67,4.35
518,Meulaboh,41,ID,1583292876,80,4.14,96.13,301.04,3.07
519,Tazovsky,100,RU,1583293007,94,67.47,78.7,266.88,6.63
520,Brae,96,GB,1583292904,93,60.4,-1.35,279.15,3.1
521,Puerto Quijarro,0,BO,1583293007,78,-17.78,-57.77,295.37,0.54
522,Gien,64,FR,1583293007,98,47.69,2.63,275.37,3.29
523,Uglegorsk,100,RU,1583293007,82,49.08,142.03,267.69,2.18
524,Ambon City,40,ID,1583292884,59,-3.7,128.18,307.15,2.6
525,Ipixuna,75,BR,1583292897,100,-1.76,-48.8,296.15,3.1
526,Pacific Grove,1,US,1583292700,59,36.62,-121.92,290.37,1.5
527,Le Robert,0,MQ,1583293008,88,14.68,-60.94,297.15,1.5
528,Nkhotakota,100,MW,1583293008,84,-12.93,34.3,295.88,5.86
529,Havelock,20,US,1583293008,82,34.88,-76.9,290.15,3.6
530,Waddān,22,LY,1583292875,65,29.16,16.14,285.77,1.61
531,Inuvik,20,CA,1583292792,67,68.35,-133.72,240.15,1.0
532,Noumea,3,NC,1583293008,94,-22.28,166.46,302.04,3.6
533,Zhangye,0,CN,1583293008,13,38.93,100.45,279.72,2.75
534,Ocós,75,GT,1583293008,83,14.51,-92.19,301.15,1.59
535,Muros,90,ES,1583292902,100,42.78,-9.06,288.71,3.6
536,Anzhero-Sudzhensk,99,RU,1583293009,85,56.08,86.03,267.15,5.0
537,Beringovskiy,0,RU,1583293009,64,63.05,179.32,259.94,3.93
538,Cabedelo,75,BR,1583292875,88,-6.98,-34.83,300.15,1.5
539,Gola Gokarannāth,0,IN,1583293009,45,28.08,80.47,293.46,0.52
540,Lewistown,1,US,1583293009,75,40.6,-77.57,282.59,4.6
541,Sanming,98,CN,1583293009,89,26.25,117.62,287.21,1.77
542,Ust'-Omchug,88,RU,1583293009,77,61.15,149.63,259.07,3.2
543,Ilo,95,PE,1583293009,82,-17.64,-71.34,296.08,4.26
544,Lavrentiya,100,RU,1583292892,73,65.58,-171.0,259.3,3.5
545,Manzhouli,53,CN,1583293009,83,49.6,117.43,260.09,2.85
546,Pak Phanang,40,TH,1583293009,59,8.35,100.2,306.15,2.1
547,Andenes,0,NO,1583292923,54,69.31,16.12,272.15,9.8
548,Flin Flon,29,CA,1583293010,93,54.77,-101.86,261.09,2.03
549,Sangar,100,RU,1583293010,86,63.92,127.47,255.4,6.5
550,Médéa,75,DZ,1583293010,67,36.26,2.75,290.15,6.2
551,Vanavara,63,RU,1583292903,90,60.34,102.28,260.77,1.7
552,Bacolod City,12,PH,1583293010,45,10.67,122.95,304.3,2.59
553,Nurota,47,UZ,1583293010,63,40.56,65.69,277.15,1.0
554,Hyères,0,FR,1583293010,42,43.12,6.12,282.59,5.1
555,Mponela,100,MW,1583293010,97,-13.53,33.74,290.12,2.34
556,Sabha,0,LY,1583292913,25,27.04,14.43,288.82,4.82
557,Husavik,100,IS,1583292814,63,66.04,-17.34,272.15,14.9
558,High Level,90,CA,1583292892,85,58.52,-117.14,273.15,3.1
559,Hamilton,1,US,1583292599,45,39.18,-84.53,282.59,2.6
560,Wawa,100,NG,1583293011,55,9.9,4.42,302.4,2.04
